pose_x,pose_y,pose_z
-0.28900972,-1.2615577,-1.24783456
