pose_x,pose_y,pose_z
-100.87706,-16.1402664,27.2336979
-100.87706,-16.1402664,27.2336979
-100.87706,-16.1402664,27.2336979
