pose_x,pose_y,pose_z
-10.2058325,5.102425,14.5718889
-10.2058325,5.102425,14.5718889
-10.2058325,5.102425,14.5718889
-10.2058325,5.102425,14.5718889
